term,beta,se_design,aOR,ci_low,ci_high,p_value
Intercept,-0.2710049568035429,0.17464125071225192,0.7626127162742828,0.5415597872512665,1.0738946441630939,0.1207146581446781
"C(v013, Treatment(reference=1))[T.2]",-0.14592096552836145,0.11391303887355965,0.8642260041311554,0.6912936914395503,1.0804186346054843,0.20019871457298566
"C(v013, Treatment(reference=1))[T.3]",-0.03231146066725101,0.13538892062854974,0.9682049773443504,0.7425435587081441,1.2624456399369646,0.8113718656907604
"C(v013, Treatment(reference=1))[T.4]",-0.09198964997118092,0.15811488961095102,0.9121145899085281,0.6690511036808402,1.2434820308149017,0.560708190292708
"C(v013, Treatment(reference=1))[T.5]",0.009990321190645572,0.16535116324326304,1.0100403910484728,0.7304474709216638,1.3966529177821743,0.9518220745572025
"C(v013, Treatment(reference=1))[T.6]",0.2940037568028652,0.1818698835240226,1.3417889444940538,0.9394494987456758,1.9164389080736142,0.10597308080476758
"C(v013, Treatment(reference=1))[T.7]",0.16462511851967132,0.192541237943301,1.1789510689364726,0.8083535875342318,1.7194525321353775,0.39254436196014064
"C(v106, Treatment(reference=0))[T.1]",0.03454768384524162,0.10886672661227781,1.0351513871978446,0.8362471293467297,1.2813657073533993,0.7509862086902639
"C(v106, Treatment(reference=0))[T.2]",0.02857350170415322,0.0948042651021589,1.028985640253152,0.8544965123913554,1.2391056399797904,0.763113546061603
"C(v106, Treatment(reference=0))[T.3]",-0.04072021827897917,0.15864323808985456,0.9600977101638272,0.7035185990218982,1.3102533669236116,0.7974274086331966
"C(v190, Treatment(reference=1))[T.2]",-0.0913204520024742,0.09434155770904404,0.9127251794191663,0.7586384958417637,1.0981083318496798,0.3330558883246836
"C(v190, Treatment(reference=1))[T.3]",-0.022563187450468626,0.11863558324840358,0.9776894575373356,0.7748475872227133,1.2336318666304416,0.8491610007579056
"C(v190, Treatment(reference=1))[T.4]",-0.02609088668253298,0.1270995357632641,0.9742465395488509,0.7594156851178268,1.2498508240261654,0.8373540206787121
"C(v190, Treatment(reference=1))[T.5]",0.018537286155591925,0.14325365160978962,1.0187101682472857,0.7693264624654489,1.3489337199771936,0.8970396915345196
"C(v025, Treatment(reference=1))[T.2]",0.03649381520930152,0.0837890794164816,1.0371678893315983,0.8800885245876531,1.222282987003571,0.6631677436729744
"C(v213, Treatment(reference=0))[T.1]",0.5735667684741073,0.11110970524609597,1.774585311794202,1.4273102745105155,2.2063549076010833,2.4410836536014526e-07
"C(parity_cat, Treatment(reference='0'))[T.1–2]",-0.05031382013351192,0.1192431355618415,0.9509309563908173,0.7527437866657329,1.2012981041368713,0.6730665384643315
"C(parity_cat, Treatment(reference='0'))[T.3–5]",-0.0068159099244333166,0.14348837207547183,0.9932072657053869,0.7497217665665635,1.3157690181086517,0.9621135514212941
"C(parity_cat, Treatment(reference='0'))[T.6+]",0.056354579891247925,0.17619113027638555,1.057972753100392,0.7490271592432173,1.4943468103796385,0.7490827013021655
"C(bmi_cat, Treatment(reference='Normal weight'))[T.Underweight]",0.1694306683210943,0.10932051695848023,1.1846302117844012,0.9561528010987156,1.4677034225698722,0.12117694068835094
"C(bmi_cat, Treatment(reference='Normal weight'))[T.Overweight]",-0.3096796610506642,0.08456963969631434,0.7336819454877371,0.6216138774204445,0.8659542791554912,0.0002504198195337428
"C(bmi_cat, Treatment(reference='Normal weight'))[T.Obesity]",-0.5154983298639728,0.09668963564367142,0.5972029164053296,0.4941036254250439,0.7218148279244626,9.741848576771055e-08
"C(v714, Treatment(reference=0))[T.1]",-0.021151166625369897,0.07900348749703276,0.9790709505307607,0.8386196587972182,1.1430449025581404,0.7889114147190379
"C(v501, Treatment(reference=0))[T.1]",0.03194324718395798,0.12535783322602265,1.0324589086918567,0.8075437014241253,1.3200169802046753,0.798864812993952
"C(v501, Treatment(reference=0))[T.2]",-0.003996078823777226,0.12309432633565158,0.9960118948744942,0.7825003115337935,1.2677818527470803,0.9741023835457127
"C(v501, Treatment(reference=0))[T.3]",0.30512866952383727,0.238577114778394,1.3567995705299059,0.8500309865123545,2.165691726302004,0.20091397203673544
"C(v501, Treatment(reference=0))[T.4]",0.35675064926509503,0.23049763630668318,1.4286795831315473,0.909350456960408,2.2445970479627753,0.12168465908847029
"C(v501, Treatment(reference=0))[T.5]",0.039898572713301154,0.1769656683416466,1.0407052129330816,0.7356843406506023,1.472190286486566,0.8216219094250318
"C(v024, Treatment(reference=3))[T.1]",0.21694470216540246,0.15206463208051407,1.242275405098507,0.9220996539586521,1.6736240768417647,0.15367759030231762
"C(v024, Treatment(reference=3))[T.2]",0.1598144146608347,0.14537890939700673,1.1732931047865356,0.8823837315931341,1.5601111630357942,0.2716390932770354
"C(v024, Treatment(reference=3))[T.4]",0.08199490128617734,0.15028022205191677,1.0854502754151167,0.808516385250798,1.4572398554832997,0.5853317187307441
"C(v024, Treatment(reference=3))[T.5]",-0.13386722923027053,0.16048744372265572,0.874706192308421,0.6386347278684126,1.1980415243255351,0.404208300925873
"C(v024, Treatment(reference=3))[T.6]",-0.1018002325529279,0.12938726140120288,0.9032099655968593,0.7008935451448424,1.163926030713971,0.43140648646134006
"C(v024, Treatment(reference=3))[T.7]",-0.21550686516039533,0.17023069661311532,0.806132736008588,0.577435211636509,1.1254076214419835,0.20552401196102288
"C(v024, Treatment(reference=3))[T.8]",-0.23824455420814225,0.14426268488238372,0.788009956376798,0.5939266710934504,1.0455157539999735,0.09864397391907939
"C(v024, Treatment(reference=3))[T.9]",-0.49342955545528283,0.20015375766621754,0.6105289566871079,0.4124126222553073,0.9038171647488942,0.013691672093959838
"C(v024, Treatment(reference=3))[T.10]",-0.07249138146783064,0.15345956670927652,0.930073762496378,0.6884778503442378,1.256448850535499,0.6366548734766243
"C(v024, Treatment(reference=3))[T.11]",0.3926124556751359,0.14774041760319623,1.4808443852729218,1.1085371210703798,1.9781927476428758,0.007873477004166659
"C(v024, Treatment(reference=3))[T.12]",0.22001215306956282,0.13518257506208783,1.2460918743365896,0.9560493995922217,1.6241262846354576,0.10362700504104681
"C(v024, Treatment(reference=3))[T.13]",0.0017925291603517256,0.1508720444979212,1.0017941367011247,0.745338591916821,1.3464907133652777,0.9905204592509033
"C(v024, Treatment(reference=3))[T.14]",0.03534889507690253,0.14831918153610688,1.0359810944567391,0.7746401339701221,1.3854908634428933,0.8116252358085203
"C(v024, Treatment(reference=3))[T.15]",0.17223247831794727,0.15944683124532882,1.18795397465604,0.8691119716010658,1.623766202761339,0.2800586815845518
"C(v024, Treatment(reference=3))[T.16]",0.12032580511703743,0.1539475257389844,1.1278642556708804,0.8340921881922894,1.5251045354794375,0.43444808688152525
