population_share,anaemia_share
0.0,0.0
0.01,0.012228241121960892
0.02,0.023758193743490693
0.03,0.036398627478839866
0.04,0.0481331380232381
0.05,0.058913624360872364
0.06,0.06859378998603717
0.07,0.078550592260333
0.08,0.0907184092298457
0.09,0.10426127349832733
0.1,0.11624550925144604
0.11,0.12532087739446282
0.12,0.13720592774252074
0.13,0.15004140731091223
0.14,0.15978036346007
0.15,0.17071701759565439
0.16,0.1812466417849837
0.17,0.19153738097518894
0.18,0.20152905147216496
0.19,0.2126725336930775
0.2,0.22437617478032387
0.21,0.2368615400296031
0.22,0.24838279877724145
0.23,0.2620833765863669
0.24,0.27403818465069285
0.25,0.2823987228114636
0.26,0.29390547716717164
0.27,0.30306489740538967
0.28,0.3122737724228921
0.29,0.31810382143236854
0.3,0.32698956295767323
0.31,0.3366744819037526
0.32,0.347413105173048
0.33,0.35452734390217355
0.34,0.3642633495405895
0.35000000000000003,0.37642596395188443
0.36,0.38785593019381726
0.37,0.400787796850981
0.38,0.4104063149309291
0.39,0.4230852196820657
0.4,0.43511440500767884
0.41000000000000003,0.4437493063513798
0.42,0.45157783317774963
0.43,0.4629314694458395
0.44,0.4725287498237719
0.45,0.47977781952866244
0.46,0.48727375248132
0.47000000000000003,0.4967075560505195
0.48,0.5068577561946602
0.49,0.5170084130333491
0.5,0.5247114035066183
0.51,0.5344630910585578
0.52,0.5410093700661281
0.53,0.5512489469909203
0.54,0.5617838793311145
0.55,0.5717784074687657
0.56,0.5770949647644138
0.5700000000000001,0.5849889279869077
0.58,0.5934560938435237
0.59,0.6007467255765891
0.6,0.6151103622642703
0.61,0.6270269142117323
0.62,0.6360396508426934
0.63,0.6435689214964695
0.64,0.6524533537185025
0.65,0.6629060997009365
0.66,0.6725773628162005
0.67,0.6818209626930833
0.68,0.692218568772102
0.6900000000000001,0.7017367967427
0.7000000000000001,0.7138943106940888
0.71,0.7268157642454744
0.72,0.7409998221910649
0.73,0.7466433210645831
0.74,0.7583756106214355
0.75,0.769806173641297
0.76,0.776551472493203
0.77,0.7817593490985703
0.78,0.7922703977658065
0.79,0.8030995280287262
0.8,0.811209216056961
0.81,0.8214003526812763
0.8200000000000001,0.8316795594169596
0.8300000000000001,0.8378952120397715
0.84,0.8471999327137214
0.85,0.8561884523353694
0.86,0.8644239269036086
0.87,0.876099549535133
0.88,0.8878993189551672
0.89,0.9007992793522958
0.9,0.911671116757629
0.91,0.9207333145688662
0.92,0.9317342089795482
0.93,0.9400311024280721
0.9400000000000001,0.9477012562570168
0.9500000000000001,0.9564953935267668
0.96,0.9652483361619288
0.97,0.9744497037456478
0.98,0.9834201455506102
0.99,0.9917328204616783
1.0,0.9999999999999986
