domain,absolute_contribution,percent_of_observed_E
Age,0.0005697221931237075,-0.9680504152455979
Education,-0.009184033417142854,15.605162428987756
Residence,-0.004023126705466643,6.835944825071927
Pregnancy status,-0.002221422564302432,3.7745572522255046
Parity,-0.0028915033243581026,4.913133150881303
BMI / nutritional status,-0.04573124490863481,77.70480272284108
Employment,2.0940169859941114e-05,-0.0355807450945267
Marital/union status,0.0012031586521928956,-2.0443617028076058
Residual,0.003404976591247201,-5.7856075168598355
