domain,point,bootstrap_ci_low,bootstrap_ci_high
Age,0.0005697221931237075,-0.0032504932215330485,0.004169091776543757
Education,-0.009184033417142854,-0.025103582893487898,0.006950190129630021
Residence,-0.004023126705466643,-0.02336237594160464,0.013460034844979003
Pregnancy status,-0.002221422564302432,-0.0054933124824656215,1.964499371238974e-05
Parity,-0.0028915033243581026,-0.014687645511898169,0.009773029617316565
BMI / nutritional status,-0.04573124490863481,-0.06171638620603875,-0.030044775893794402
Employment,2.0940169859941114e-05,-0.0005919153261366614,0.0006873753635694567
Marital/union status,0.0012031586521928956,-0.002580825990960077,0.0057721952677962695
Residual,0.003404976591247201,-0.017297452448911586,0.02508936278311565
