term,estimate,odds_ratio
Intercept,-0.3371984920486097,0.7137671487373173
"C(v013, Treatment(reference=1))[T.2]",-0.06324494469839555,0.9387135126281811
"C(v013, Treatment(reference=1))[T.3]",-0.13127173699755396,0.8769794342512132
"C(v013, Treatment(reference=1))[T.4]",0.005308642224359128,1.0053227580330308
"C(v013, Treatment(reference=1))[T.5]",-0.02608492699098287,0.974252345775022
"C(v013, Treatment(reference=1))[T.6]",0.14463822920660266,1.1556214245565004
"C(v013, Treatment(reference=1))[T.7]",0.024302391524226644,1.0246001014366979
"C(v106, Treatment(reference=0))[T.1]",0.09875410126883756,1.1037948444333046
"C(v106, Treatment(reference=0))[T.2]",-0.024316048033536288,0.9759772053328472
"C(v106, Treatment(reference=0))[T.3]",-0.06350702110845499,0.9384675301952217
"C(v190, Treatment(reference=1))[T.2]",-0.034838085702786604,0.9657617742378799
"C(v190, Treatment(reference=1))[T.3]",-0.04592667426970975,0.9551119939075822
"C(v190, Treatment(reference=1))[T.4]",-0.05068122848293908,0.9505816405924105
"C(v190, Treatment(reference=1))[T.5]",0.012447441527275338,1.0125252333622528
"C(v025, Treatment(reference=1))[T.2]",-0.04638455222625566,0.9546747692849363
"C(v213, Treatment(reference=0))[T.1]",0.6544456277593657,1.9240755675764651
"C(parity_cat, Treatment(reference='0'))[T.1–2]",-0.061569972457374604,0.9402871492350142
"C(parity_cat, Treatment(reference='0'))[T.3–5]",-0.0031032135942015205,0.9969015963963417
"C(parity_cat, Treatment(reference='0'))[T.6+]",0.04746083818488249,1.0486051350367496
"C(bmi_cat, Treatment(reference='Normal weight'))[T.Underweight]",0.21122873890419291,1.2351948598689537
"C(bmi_cat, Treatment(reference='Normal weight'))[T.Overweight]",-0.3176031289576404,0.727891610200368
"C(bmi_cat, Treatment(reference='Normal weight'))[T.Obesity]",-0.5563418688072299,0.5733024481456119
"C(v714, Treatment(reference=0))[T.1]",-0.09770450886821463,0.9069168500505507
"C(v501, Treatment(reference=0))[T.1]",0.01605482239694597,1.0161843935432473
"C(v501, Treatment(reference=0))[T.2]",-0.07331098578359112,0.9293117823304318
"C(v501, Treatment(reference=0))[T.3]",0.23852406092488793,1.2693742479874073
"C(v501, Treatment(reference=0))[T.4]",0.4048986550121589,1.4991505609623914
"C(v501, Treatment(reference=0))[T.5]",-0.03168491496675821,0.9688117920888348
"C(v024, Treatment(reference=3))[T.1]",0.16344859886238924,1.177564825460148
"C(v024, Treatment(reference=3))[T.2]",0.19114457497590506,1.2106344668784934
"C(v024, Treatment(reference=3))[T.4]",0.11802879727097308,1.1252765157935054
"C(v024, Treatment(reference=3))[T.5]",-0.17595533772111005,0.838655438763744
"C(v024, Treatment(reference=3))[T.6]",-0.0922442041626454,0.9118824368655897
"C(v024, Treatment(reference=3))[T.7]",-0.2436911160004909,0.7837296784367613
"C(v024, Treatment(reference=3))[T.8]",-0.23961683797950997,0.7869293247382
"C(v024, Treatment(reference=3))[T.9]",-0.4896871868879344,0.6128180617298122
"C(v024, Treatment(reference=3))[T.10]",-0.10420210864577115,0.9010431704021509
"C(v024, Treatment(reference=3))[T.11]",0.32198294663278976,1.3798612444761003
"C(v024, Treatment(reference=3))[T.12]",0.17402116876818383,1.190080758097405
"C(v024, Treatment(reference=3))[T.13]",-0.07147272646083258,0.9310216695045656
"C(v024, Treatment(reference=3))[T.14]",0.04715357408231103,1.048282985815961
"C(v024, Treatment(reference=3))[T.15]",0.11414214475739033,1.1209114452460482
"C(v024, Treatment(reference=3))[T.16]",0.14323904560001138,1.1540056286650024
