variable,category,n_unweighted,weighted_percent,weighted_prevalence,ci_low,ci_high
v013,2,1328,17.658132511160055,0.38576808947167357,0.3518447499195104,0.4196914290238367
v013,6,837,11.278093711903486,0.4624112060489881,0.4141157229390201,0.5107066891589561
v013,1,1424,17.82746620294864,0.43845254691068064,0.4055232028786625,0.4713818909426988
v013,5,1016,13.751479927211957,0.39738854013527697,0.3581110653173155,0.4366660149532384
v013,3,1194,15.841012360346278,0.4005529854807202,0.365233217087466,0.43587275387397445
v013,4,1137,15.055796304613018,0.3815252245819324,0.34276318542450973,0.42028726373935504
v013,7,621,8.588018981816584,0.4337326266730509,0.380153456452631,0.4873117968934708
v106,2,4103,60.33373631277873,0.4034501589799229,0.3848331798083191,0.42206713815152674
v106,1,1144,14.002591594645637,0.42590806870066344,0.38906950771686927,0.4627466296844576
v106,0,1676,15.856893756172035,0.454317176109232,0.42553980213167436,0.48309455008678964
v106,3,634,9.806778336403617,0.3684128239029815,0.3243454696075899,0.4124801781983731
v190,3,1519,20.419496835208353,0.40844980524855845,0.37136814187601164,0.44553146862110526
v190,1,1839,15.989891924062173,0.46601379347472477,0.43504593439123007,0.49698165255821947
v190,5,1147,22.39600665563925,0.38844321592868797,0.35234703215877267,0.42453939969860327
v190,2,1661,17.84103299639344,0.4178532337603811,0.3861159781828615,0.4495904893379007
v190,4,1391,23.353571588696795,0.39292124675244694,0.3609676896567158,0.4248748038481781
v025,2,3849,42.82227145331684,0.4342090345909706,0.41258823164144987,0.45582983754049133
v025,1,3708,57.17772854668318,0.39401105586881363,0.3730654595665628,0.4149566521710645
v213,0,7004,93.28236991707223,0.4038099100080306,0.38807624666989954,0.4195435733461617
v213,1,553,6.7176300829277995,0.5141886200054088,0.4647584781912868,0.5636187618195307
parity_cat,1–2,2189,29.700456841418315,0.39316864935696105,0.36525259975251717,0.42108469896140494
parity_cat,0,2311,32.04989670274993,0.4126995853589482,0.38592630330649536,0.439472867411401
parity_cat,3–5,2239,28.95271504786772,0.41252885943722717,0.3846683429732998,0.4403893759011545
parity_cat,6+,818,9.296931407964053,0.45976205030184214,0.41764753776956,0.5018765628341243
bmi_cat,Overweight,1729,24.83494693072285,0.3764267078266705,0.34386240451359174,0.4089910111397492
bmi_cat,Normal weight,4151,49.39653681762031,0.4458540172827835,0.4266679314983022,0.46504010306726484
bmi_cat,Obesity,1093,18.805196467289615,0.33888940050215244,0.30462652070467844,0.37315228029962644
bmi_cat,Underweight,577,6.96331978436722,0.49323473020040326,0.440931418775374,0.5455380416254325
v714,0,1987,25.336020755335724,0.41697476411513473,0.3893137143519665,0.444635813878303
v714,1,5570,74.66397924466428,0.40927356637916834,0.39118286277559405,0.42736426998274263
v501,0,2441,34.65533823139369,0.40350591215558,0.37878384705620727,0.42822797725495276
v501,4,169,2.6546814859594448,0.4715650931764004,0.3727436065018599,0.5703865798509409
v501,2,999,15.243482975920458,0.3942387710284256,0.3547553354721708,0.43372220658468036
v501,1,3486,39.97976937140885,0.42002203724885023,0.3978023185040909,0.44224175599360954
v501,5,313,5.240294329757869,0.3829293320292733,0.3160569994720416,0.44980166458650506
v501,3,149,2.226433605559704,0.48434715162208675,0.3771989134980148,0.5914953897461587
v024,1,409,6.359953760806371,0.45873808710488906,0.4030791973182416,0.5143969768915365
v024,2,514,11.672586652020374,0.44378410863229023,0.3915557500412575,0.496012467223323
v024,3,508,16.282754702866416,0.3880650546159121,0.3449082041175878,0.4312219051142364
v024,4,398,4.403205388571587,0.4301217388918555,0.37481218050110815,0.48543129728260287
v024,5,441,8.235806267746751,0.37487541303410876,0.3187202518455321,0.4310305742226854
v024,6,576,19.410379785285613,0.37463755494623585,0.3344196714197444,0.4148554384727273
v024,7,369,2.469625443653868,0.36296359457743416,0.30208479000652283,0.4238423991483455
v024,8,428,2.0899918422036086,0.35609539044290456,0.313410438117397,0.3987803427684121
v024,9,432,3.8783214609972863,0.30130074052495137,0.23252456724910842,0.3700769138007943
v024,10,474,4.271821657932283,0.40348757381040223,0.349593401790369,0.45738174583043545
v024,11,444,2.5396292199773454,0.5181166372580165,0.46840805177451317,0.5678252227415198
v024,12,582,7.422215575311268,0.48368625492357853,0.4441367192416585,0.5232357906054985
v024,13,524,2.2100508414423348,0.43158487401794704,0.38355205180990776,0.4796176962259863
v024,14,470,1.8210767931344691,0.45022730027466934,0.403082982999993,0.49737161754934567
v024,15,501,4.320181281501966,0.47004986760478135,0.41003304561504994,0.5300666895945128
v024,16,487,2.612399326548473,0.4631036967707689,0.4098404310903466,0.5163669624511912
